<?xml version="1.0" encoding="UTF-8"?>
<launch4jConfig>
  <dontWrapJar>false</dontWrapJar>
  <headerType>gui</headerType>
  <jar>D:\New folder (2)\CandyCrush.jar</jar>
  <outfile>D:\New folder (2)\CandyCrush.exe</outfile>
  <errTitle></errTitle>
  <cmdLine></cmdLine>
  <chdir>.</chdir>
  <priority>normal</priority>
  <downloadUrl>http://java.com/download</downloadUrl>
  <supportUrl></supportUrl>
  <stayAlive>false</stayAlive>
  <restartOnCrash>false</restartOnCrash>
  <manifest></manifest>
  <icon>D:\New folder (2)\New folder\a\New folder\Scream.ico</icon>
  <classPath>
    <mainClass>forRuning.Main</mainClass>
    <cp>.</cp>
  </classPath>
  <jre>
    <path>C:\Program Files (x86)\Java\jre6</path>
    <bundledJre64Bit>false</bundledJre64Bit>
    <bundledJreAsFallback>false</bundledJreAsFallback>
    <minVersion>1.6.0</minVersion>
    <maxVersion></maxVersion>
    <jdkPreference>jreOnly</jdkPreference>
    <runtimeBits>64</runtimeBits>
  </jre>
</launch4jConfig>